{
  "ok": true,
  "error": null,
  "semgrep_raw": {
    "tp": 1248,
    "fp": 552,
    "fn": 167,
    "tn": 773,
    "precision": 0.6933333333333334,
    "recall": 0.8819787985865725,
    "fpr": 0.41660377358490563,
    "youden": 0.46537502500166683
  },
  "oswe_over_semgrep": {
    "tp": 98,
    "fp": 1,
    "fn": 8,
    "tn": 36,
    "precision": 0.98989898989899,
    "recall": 0.9245283018867925,
    "fpr": 0.02702702702702703,
    "youden": 0.8975012748597655
  },
  "hybrid": {
    "tp": 106,
    "fp": 2,
    "fn": 17,
    "tn": 122,
    "precision": 0.9814814814814815,
    "recall": 0.8617886178861789,
    "fpr": 0.016129032258064516,
    "youden": 0.8456595856281144
  },
  "excluded": {
    "inconclusive": 0,
    "not_analyzed": 1657,
    "not_covered": 836
  },
  "deltas": {
    "fp_refuted": 36,
    "recall_cost": 8,
    "fn_recovered": 8
  },
  "cwe_mismatches": 0,
  "total": 2740,
  "quality": {
    "finding_proof_complete_rate": 1,
    "chain_proof_complete_rate": 1,
    "ce_resolved_rate": 1,
    "independent_discovery_rate": 0.005653710247349823,
    "attempted_real_share": 0.08763250883392226,
    "real_not_found": 18,
    "covered_fn": 17,
    "structural_fn": 1,
    "structural_fn_share": 0.05555555555555555,
    "attempted_per_category": {
      "pathtraver": 12,
      "hash": 12,
      "trustbound": 12,
      "crypto": 12,
      "cmdi": 4,
      "sqli": 12,
      "ldapi": 12,
      "xss": 12,
      "weakrand": 12,
      "securecookie": 12,
      "xpathi": 12
    },
    "min_attempted_per_category": 4
  }
}